INSERT INTO dim_date VALUES
(20240101,'2024-01-01','Monday',1,1,'January','Q1',2024,false),
(20240102,'2024-01-02','Tuesday',2,1,'January','Q1',2024,false),
(20240103,'2024-01-03','Wednesday',3,1,'January','Q1',2024,false),
(20240104,'2024-01-04','Thursday',4,1,'January','Q1',2024,false),
(20240105,'2024-01-05','Friday',5,1,'January','Q1',2024,false),
(20240106,'2024-01-06','Saturday',6,1,'January','Q1',2024,true),
(20240107,'2024-01-07','Sunday',7,1,'January','Q1',2024,true),
(20240108,'2024-01-08','Monday',8,1,'January','Q1',2024,false),
(20240109,'2024-01-09','Tuesday',9,1,'January','Q1',2024,false),
(20240110,'2024-01-10','Wednesday',10,1,'January','Q1',2024,false),
(20240115,'2024-01-15','Monday',15,1,'January','Q1',2024,false),
(20240120,'2024-01-20','Saturday',20,1,'January','Q1',2024,true),
(20240121,'2024-01-21','Sunday',21,1,'January','Q1',2024,true),
(20240125,'2024-01-25','Thursday',25,1,'January','Q1',2024,false),
(20240131,'2024-01-31','Wednesday',31,1,'January','Q1',2024,false),

(20240201,'2024-02-01','Thursday',1,2,'February','Q1',2024,false),
(20240202,'2024-02-02','Friday',2,2,'February','Q1',2024,false),
(20240203,'2024-02-03','Saturday',3,2,'February','Q1',2024,true),
(20240204,'2024-02-04','Sunday',4,2,'February','Q1',2024,true),
(20240205,'2024-02-05','Monday',5,2,'February','Q1',2024,false),
(20240210,'2024-02-10','Saturday',10,2,'February','Q1',2024,true),
(20240211,'2024-02-11','Sunday',11,2,'February','Q1',2024,true),
(20240214,'2024-02-14','Wednesday',14,2,'February','Q1',2024,false),
(20240215,'2024-02-15','Thursday',15,2,'February','Q1',2024,false),
(20240218,'2024-02-18','Sunday',18,2,'February','Q1',2024,true),
(20240220,'2024-02-20','Tuesday',20,2,'February','Q1',2024,false),
(20240222,'2024-02-22','Thursday',22,2,'February','Q1',2024,false),
(20240225,'2024-02-25','Sunday',25,2,'February','Q1',2024,true),
(20240227,'2024-02-27','Tuesday',27,2,'February','Q1',2024,false),
(20240228,'2024-02-28','Wednesday',28,2,'February','Q1',2024,false);
INSERT INTO dim_product (product_id,product_name,category,subcategory,unit_price) VALUES
('P001','Laptop','Electronics','Computers',55000),
('P002','Smartphone','Electronics','Mobile',30000),
('P003','Headphones','Electronics','Audio',2500),
('P004','Television','Electronics','Home',45000),
('P005','Smartwatch','Electronics','Wearable',12000),

('P006','Running Shoes','Footwear','Sports',4000),
('P007','Formal Shoes','Footwear','Office',3500),
('P008','Sandals','Footwear','Casual',1500),
('P009','Boots','Footwear','Winter',6000),
('P010','Slippers','Footwear','Home',800),

('P011','T-Shirt','Clothing','Topwear',1200),
('P012','Jeans','Clothing','Bottomwear',2500),
('P013','Jacket','Clothing','Winter',7000),
('P014','Dress','Clothing','Women',4500),
('P015','Sweater','Clothing','Winter',3200);
INSERT INTO dim_customer (customer_id,customer_name,city,state,customer_segment) VALUES
('C001','Rahul Sharma','Delhi','Delhi','Retail'),
('C002','Anita Verma','Mumbai','Maharashtra','Retail'),
('C003','Amit Singh','Bengaluru','Karnataka','Corporate'),
('C004','Neha Gupta','Pune','Maharashtra','Retail'),
('C005','Rohit Mehta','Delhi','Delhi','Corporate'),
('C006','Priya Iyer','Mumbai','Maharashtra','Retail'),
('C007','Suresh Kumar','Bengaluru','Karnataka','Retail'),
('C008','Kiran Rao','Pune','Maharashtra','Corporate'),
('C009','Vikas Jain','Delhi','Delhi','Retail'),
('C010','Meena Shah','Mumbai','Maharashtra','Retail'),
('C011','Arjun Nair','Bengaluru','Karnataka','Corporate'),
('C012','Pooja Malhotra','Pune','Maharashtra','Retail');
INSERT INTO fact_sales
(date_key,product_key,customer_key,quantity_sold,unit_price,discount_amount,total_amount)
VALUES
(20240106,1,1,1,55000,2000,53000),
(20240107,2,2,2,30000,3000,57000),
(20240120,3,3,3,2500,0,7500),
(20240121,4,4,1,45000,5000,40000),
(20240125,5,5,2,12000,1000,23000),

(20240203,6,6,2,4000,0,8000),
(20240204,7,7,1,3500,0,3500),
(20240210,8,8,4,1500,500,5500),
(20240211,9,9,1,6000,500,5500),
(20240214,10,10,3,800,0,2400),

(20240101,11,11,2,1200,0,2400),
(20240102,12,12,1,2500,0,2500),
(20240103,13,1,1,7000,1000,6000),
(20240104,14,2,2,4500,500,8500),
(20240105,15,3,1,3200,0,3200),

(20240215,1,4,1,55000,3000,52000),
(20240218,2,5,1,30000,2000,28000),
(20240220,3,6,5,2500,0,12500),
(20240222,4,7,1,45000,4000,41000),
(20240225,5,8,2,12000,1000,23000),

(20240108,6,9,2,4000,0,8000),
(20240109,7,10,1,3500,0,3500),
(20240110,8,11,3,1500,0,4500),
(20240115,9,12,1,6000,0,6000),
(20240131,10,1,4,800,0,3200),

(20240201,11,2,2,1200,0,2400),
(20240202,12,3,1,2500,0,2500),
(20240205,13,4,1,7000,1000,6000),
(20240227,14,5,2,4500,500,8500),
(20240228,15,6,1,3200,0,3200),

(20240106,1,7,1,55000,2500,52500),
(20240107,2,8,1,30000,2000,28000),
(20240120,3,9,2,2500,0,5000),
(20240121,4,10,1,45000,3000,42000),
(20240210,5,11,1,12000,0,12000),
(20240211,6,12,3,4000,0,12000),
(20240218,7,1,2,3500,0,7000),
(20240225,8,2,5,1500,0,7500);
